{
  "webDevelopment": {
    "name": "Web Development",
    "progress": 0,
    "sections": {
      "frontEnd": {
        "name": "Front end",
        "progress": 0,
        "topics": [
          {
            "id": "html",
            "name": "HTML",
            "completed": false,
            "subtopics": [
              {
                "id": "html-basics",
                "name": "HTML Basics",
                "completed": false,
                "questionsFile": "html-basics-questions.txt"
              },
              {
                "id": "html-forms",
                "name": "HTML Forms",
                "completed": false,
                "questionsFile": "html-forms-questions.txt"
              },
              {
                "id": "html-semantics",
                "name": "Semantic HTML",
                "completed": false,
                "questionsFile": "html-semantics-questions.txt"
              },
              {
                "id": "html-media",
                "name": "HTML Media",
                "completed": false,
                "questionsFile": "html-media-questions.txt"
              }
            ]
          },
          {
            "id": "css",
            "name": "CSS",
            "completed": false,
            "subtopics": [
              {
                "id": "css-selectors",
                "name": "CSS Selectors",
                "completed": false,
                "questionsFile": "css-selectors-questions.txt"
              },
              {
                "id": "css-box-model",
                "name": "Box Model",
                "completed": false,
                "questionsFile": "css-box-model-questions.txt"
              },
              {
                "id": "css-flexbox",
                "name": "Flexbox",
                "completed": false,
                "questionsFile": "css-flexbox-questions.txt"
              },
              {
                "id": "css-grid",
                "name": "CSS Grid",
                "completed": false,
                "questionsFile": "css-grid-questions.txt"
              }
            ]
          },
          {
            "id": "responsive",
            "name": "Responsive Design",
            "completed": false,
            "subtopics": [
              {
                "id": "media-queries",
                "name": "Media Queries",
                "completed": false,
                "questionsFile": "media-queries-questions.txt"
              },
              {
                "id": "mobile-first",
                "name": "Mobile First Design",
                "completed": false,
                "questionsFile": "mobile-first-questions.txt"
              }
            ]
          },
          {
            "id": "js-basics",
            "name": "JavaScript Basics",
            "completed": false,
            "subtopics": [
              {
                "id": "variables",
                "name": "Variables & Data Types",
                "completed": false,
                "questionsFile": "js-variables-questions.txt"
              },
              {
                "id": "operators",
                "name": "Operators",
                "completed": true,
                "questionsFile": "js-operators-questions.txt"
              },
              {
                "id": "conditionals",
                "name": "Conditionals",
                "completed": true,
                "questionsFile": "js-conditionals-questions.txt"
              },
              {
                "id": "loops",
                "name": "Loops",
                "completed": false,
                "questionsFile": "js-loops-questions.txt"
              }
            ]
          },
          {
            "id": "js-functions",
            "name": "Functions",
            "completed": false,
            "subtopics": [
              {
                "id": "function-basics",
                "name": "Function Basics",
                "completed": false,
                "questionsFile": "function-basics-questions.txt"
              },
              {
                "id": "arrow-functions",
                "name": "Arrow Functions",
                "completed": false,
                "questionsFile": "arrow-functions-questions.txt"
              },
              {
                "id": "callbacks",
                "name": "Callbacks",
                "completed": false,
                "questionsFile": "callbacks-questions.txt"
              }
            ]
          },
          {
            "id": "js-strings",
            "name": "String Methods",
            "completed": false,
            "subtopics": [
              {
                "id": "string-basics",
                "name": "String Basics",
                "completed": true,
                "questionsFile": "string-basics-questions.txt"
              },
              {
                "id": "string-methods",
                "name": "String Methods",
                "completed": true,
                "questionsFile": "string-methods-questions.txt"
              },
              {
                "id": "string-methods-args",
                "name": "String Methods With Arguments",
                "completed": true,
                "questionsFile": "string-methods-args-questions.txt"
              }
            ]
          },
          {
            "id": "js-advanced",
            "name": "Advanced Concepts",
            "completed": false,
            "subtopics": [
              {
                "id": "promises",
                "name": "Promises",
                "completed": false,
                "questionsFile": "promises-questions.txt"
              },
              {
                "id": "async-await",
                "name": "Async/Await",
                "completed": false,
                "questionsFile": "async-await-questions.txt"
              },
              {
                "id": "es6-features",
                "name": "ES6+ Features",
                "completed": false,
                "questionsFile": "es6-features-questions.txt"
              }
            ]
          }
        ]
      },
      "backEnd": {
        "name": "Back end",
        "progress": 0,
        "topics": [
          {
            "id": "nodejs",
            "name": "Node.js",
            "completed": false,
            "subtopics": [
              {
                "id": "node-basics",
                "name": "Node.js Basics",
                "completed": false,
                "questionsFile": "node-basics-questions.txt"
              },
              {
                "id": "npm",
                "name": "NPM",
                "completed": false,
                "questionsFile": "npm-questions.txt"
              },
              {
                "id": "express",
                "name": "Express.js",
                "completed": false,
                "questionsFile": "express-questions.txt"
              }
            ]
          },
          {
            "id": "databases",
            "name": "Databases",
            "completed": false,
            "subtopics": [
              {
                "id": "sql",
                "name": "SQL",
                "completed": false,
                "questionsFile": "sql-questions.txt"
              },
              {
                "id": "mongodb",
                "name": "MongoDB",
                "completed": false,
                "questionsFile": "mongodb-questions.txt"
              }
            ]
          },
          {
            "id": "apis",
            "name": "APIs",
            "completed": false,
            "subtopics": [
              {
                "id": "rest",
                "name": "REST APIs",
                "completed": false,
                "questionsFile": "rest-apis-questions.txt"
              },
              {
                "id": "graphql",
                "name": "GraphQL",
                "completed": false,
                "questionsFile": "graphql-questions.txt"
              }
            ]
          }
        ]
      }
    }
  }
}
